{"f2": [-4.184374809265137, 1.9070332050323486, -0.22521275281906128, 0.3553784489631653, -0.07224076986312866, -0.14226745069026947, 0.09315353631973267, -0.08244345337152481, -0.3415314257144928, -0.20960970222949982, -0.35590898990631104, -0.21085281670093536, -0.31652870774269104, 1.8249454498291016, 0.7397534251213074, 0.4493970572948456, 0.28596603870391846, 0.09838426113128662, 0.11762922257184982, 0.07685689628124237, 0.08234618604183197, 0.06825482100248337, 0.017262764275074005, 0.0338718481361866, -0.022491199895739555, 0.013228708878159523], "f1": [-4.3150200843811035, 1.8667665719985962, -0.2541082501411438, 0.4382265508174896, -0.18009309470653534, -0.07436024397611618, 0.21710993349552155, -0.0991438552737236, -0.18315370380878448, -0.09866299480199814, -0.18321657180786133, -0.13303214311599731, -0.21116048097610474, 1.702840805053711, 0.6006395816802979, 0.19067268073558807, 0.2589787542819977, 0.13624365627765656, 0.08333852142095566, 0.10918929427862167, 0.034308936446905136, 0.0402720645070076, 0.0009229377028532326, 0.024260248988866806, 0.018036434426903725, 0.01014402974396944]}